[[{"location":"C:\\Program Files\\Java\\jre1.8.0_25","type":"JRE","hints":{"EXECUTION_ENVIRONMENT":"JavaSE-1.8"}},"jre:jre:1.8.0"],[{"location":"C:\\Users\\Yash Gupta\\OneDrive\\Tower Defense\\lib\\jars\\lwjgl.jar","type":"JAR","hints":{}},"org.lwjgl.lwjgl:lwjgl:2.9.3"],[{"location":"C:\\Users\\Yash Gupta\\OneDrive\\Tower Defense\\lib\\jars\\slick-util.jar","type":"JAR","hints":{}},"ABSENT"],[{"location":"C:\\Users\\Yash Gupta\\OneDrive\\Tower Defense\\GameProject","type":"PROJECT","hints":{"PROJECT_NAME":"GameProject"}},"ABSENT"]]