<?xml version="1.0" encoding="UTF-8"?>
<metadata modelVersion="1.1.0">
  <groupId>jre</groupId>
  <artifactId>jre</artifactId>
  <version>1.0.0-SNAPSHOT</version>
  <versioning>
    <snapshot>
      <timestamp>20140604.182659</timestamp>
      <buildNumber>5</buildNumber>
    </snapshot>
    <lastUpdated>20140604182659</lastUpdated>
    <snapshotVersions>
      <snapshotVersion>
        <classifier>ovrm</classifier>
        <extension>zip</extension>
        <value>1.0.0-20140604.182659-5</value>
        <updated>20140604182659</updated>
      </snapshotVersion>
      <snapshotVersion>
        <classifier>ovrp</classifier>
        <extension>zip</extension>
        <value>1.0.0-20140604.182646-4</value>
        <updated>20140604182646</updated>
      </snapshotVersion>
      <snapshotVersion>
        <classifier>ovrd</classifier>
        <extension>zip</extension>
        <value>1.0.0-20140604.182632-3</value>
        <updated>20140604182632</updated>
      </snapshotVersion>
      <snapshotVersion>
        <classifier>selfc</classifier>
        <extension>zip</extension>
        <value>1.0.0-20140604.182613-2</value>
        <updated>20140604182613</updated>
      </snapshotVersion>
      <snapshotVersion>
        <classifier>call</classifier>
        <extension>zip</extension>
        <value>1.0.0-20140604.182326-1</value>
        <updated>20140604182326</updated>
      </snapshotVersion>
    </snapshotVersions>
  </versioning>
</metadata>
